date,temperature,rainfall,snowfall,precipitation,wind_speed,soil_moisture,river_level,snow_cover,glacier_index,population_density,infrastructure_index,flood_risk,landslide_risk,wildfire_risk,glacier_melt_risk
2025-01-01,4.104808236601559,22.7581171206143,4.6345011481108145,27.392618268725116,13.579664357606644,0.722581171206143,3.0272585071443174,0.6258209702981004,0.7223515440932338,290,0.6668470070256448,1,1.0,0.976405808711236,0.6478329121420036
2025-01-02,5.463390380232978,28.76655875487861,6.992620564440972,35.75917931931958,15.580783511411177,1.0,3.701857489846549,0.6684302240413452,0.7562219688393921,285,0.54884092719129,1,1.0,0.957518069104263,0.6957958013075201
2025-01-03,6.104461423356065,27.174458796185608,5.232028118031274,32.406486914216885,18.096636460451315,1.0,4.3574358942373825,0.6902281981048777,0.7811612171448772,286,0.6051293411484261,1,1.0,1.0,0.7167358967855266
2025-01-04,5.726597177889273,22.22031316234024,5.158144858056536,27.378458020396778,12.061913330792397,1.0,4.906374101041973,0.7131766607959966,0.805806621999582,283,0.6885491052675023,1,1.0,1.0,0.6685964843966216
2025-01-05,4.510388002733937,25.24312170603868,0.0,25.24312170603868,11.444609993543267,1.0,5.491444295217425,0.690624720782327,0.8049045443990351,303,0.6270621989313679,1,1.0,0.911400465908311,0.6100678127332688
2025-01-06,5.394350972477085,24.89076086786834,0.0,24.89076086786834,13.510726869673078,1.0,6.087146532024334,0.6636529659199415,0.8038256742045398,285,0.5902700182199049,1,1.0,0.9970811124277053,0.6959704322451975
2025-01-07,5.395114389847203,25.858646771950273,3.4858696861698517,29.344516458120125,18.49131350554969,1.0,6.702221755260283,0.671536090832404,0.8201759997574196,319,0.5299182613591644,1,1.0,1.0,0.6881382018240763
2025-01-08,5.8612930069049805,33.627335129960606,3.553646765103802,37.180981895064406,14.464174329305498,1.0,7.481994317997595,0.677766093448917,0.8367719749815576,294,0.5655299298065913,1,1.0,0.8615875199011286,0.7129867736780817
2025-01-09,6.8835670036120735,20.66388994418663,3.669672146299458,24.333562090486087,17.655489186279333,1.0,8.022943456953568,0.6800449798938513,0.8537436223123325,289,0.5480843572020173,1,1.0,1.0,0.7788594870136203
2025-01-10,5.8902945442885,21.1101168825864,2.293653219814673,23.403770102401072,18.006244646061425,1.0,8.552951685491067,0.6735300393705554,0.8640338295025481,291,0.5795340248690816,1,1.0,1.0,0.7191562635820112
2025-01-11,6.768531102320931,18.73523035246337,6.607699378748764,25.34292973121213,10.206553472261074,1.0,9.053026914586752,0.7057643776464384,0.8957186201758278,309,0.6673922834853949,1,1.0,1.0,0.745471029174957
2025-01-12,7.766572491467413,25.275128151815583,3.5226863988315453,28.79781455064713,20.438960064022584,1.0,9.703860927452412,0.7021583791774167,0.911778737671692,313,0.6802100390909116,1,1.0,1.0,0.8156131202537441
2025-01-13,7.2407855166310044,20.054399315177136,3.343434512903258,23.397833828080394,14.48891883799163,1.0,10.239764624088576,0.6993887967232943,0.9270477531328821,306,0.6008288536011738,1,1.0,1.0,0.7833302377187726
2025-01-14,6.78509540779914,28.338636993819236,3.0794993821800354,31.41813637599927,25.99525765739268,1.0,10.932239272120944,0.696258313506099,0.9410882309622225,291,0.5827965186547337,1,1.0,1.0,0.7560813803471771
2025-01-15,8.675860742800202,28.109923999345884,5.2987579977093215,33.408681997055204,17.286931234507364,1.0,11.657954966963866,0.7058665897691913,0.9658468488022091,296,0.6175024519813648,1,1.0,1.0,0.8725241264174889
2025-01-16,6.108867037920838,23.0812011973218,3.4257831005661483,26.506984297887946,12.733651188954681,1.0,12.231756331668718,0.7095800855852485,0.9817539908974556,295,0.6168818600197777,1,1.0,1.0,0.6976777169428073
2025-01-17,8.168530373139099,28.65703354018042,2.7841781202544134,31.441211660434835,19.55759161673508,1.0,12.958267609935108,0.6965792149220972,0.9940411754240999,316,0.4576981449855021,1,1.0,1.0,0.8479894766205094
2025-01-18,8.565904917131688,28.808012314432844,2.999746187263084,31.80775850169593,11.680916665422524,1.0,13.695745954566398,0.6837471522090696,1.0,318,0.6566160781954309,1,1.0,1.0,0.8873131755997096
2025-01-19,7.131970262259346,23.537541050098575,1.9737351587466736,25.51127620884525,16.588690575766872,1.0,14.299136180813557,0.6678246524852396,1.0,290,0.5636169746963522,1,1.0,1.0,0.8076400316653835
2025-01-20,8.583722320245016,25.843443051282126,3.6634077830956553,29.50685083437778,14.656737317817166,1.0,14.9776794882441,0.6615401187149711,1.0,311,0.6518675953500203,1,1.0,1.0,0.91070803596803
2025-01-21,7.903572633073809,24.447151348479935,1.3269892689695237,25.774140617449458,14.490397187344389,1.0,15.614693967875175,0.6352921482392972,1.0,288,0.670958300293618,1,1.0,1.0,0.8916126939656234
2025-01-22,7.7611907140044405,27.27068991182615,2.706838278325426,29.977528190151574,17.789647864646728,1.0,16.305331580391787,0.6235545774525293,1.0,288,0.5339858815527975,1,1.0,1.0,0.8938581368144334
2025-01-23,7.863438220566726,24.967922414300922,1.2446796045257627,26.212602018826686,14.347115105705608,1.0,16.95195879308914,0.5966841823949532,1.0,285,0.623170765757631,1,1.0,1.0,0.9275450323094951
2025-01-24,10.234884963350478,30.353946289229803,2.107581181805897,32.4615274710357,14.30596708587559,1.0,17.753735418140746,0.5665855693962598,1.0,288,0.609079364120009,1,1.0,1.0,1.0
2025-01-25,9.254519834414447,28.43329733431945,4.002171674942513,32.435469009261965,18.776401683754905,1.0,18.497491761515423,0.5603346869736127,1.0,296,0.6421030690106513,1,1.0,1.0,1.0
2025-01-26,7.439441466748666,25.040282455571717,0.252376759284917,25.292659214856634,14.684469184775848,1.0,19.137086239961832,0.5256612472327185,0.9997739955030749,303,0.650613505842314,1,1.0,1.0,0.9703015172171926
2025-01-27,9.319250548497516,23.992128000270352,0.5175860917257926,24.509714091996145,15.642482220551505,1.0,19.79331381093719,0.4842408554074888,1.0,315,0.633571054523593,1,1.0,1.0,1.0
2025-01-28,11.784065062717108,24.648867716556502,0.0,24.648867716556502,18.912698481841822,1.0,20.51197246652266,0.42532053009390325,0.9976431869874566,318,0.6669404206323268,1,1.0,1.0,1.0
2025-01-29,9.684723858119314,24.911671497728282,1.9673199681242435,26.878991465852526,16.46518197584715,1.0,21.19390037363961,0.3965701104845491,1.0,316,0.5340938842662415,1,1.0,1.0,1.0
2025-01-30,10.794283342036715,27.560950122717937,0.0,27.560950122717937,9.203262253581102,1.0,21.951005042934703,0.3425986937743655,0.9978411433315927,316,0.6883658042349245,1,1.0,1.0,1.0
2025-01-31,10.087129768218825,24.635541021073127,0.047671598195503095,24.68321261926863,10.505671462927104,1.0,22.635458458720542,0.2926397609152264,0.9960620753689264,306,0.5568106708325847,1,1.0,1.0,1.0
2025-02-01,9.234668579402943,28.93780179365124,0.6990291980543699,29.636830991705608,20.197894804588344,1.0,23.388907866181626,0.2534567099987554,0.9977102876433177,286,0.6333135437156963,1,1.0,1.0,1.0
2025-02-02,12.073690939775439,21.61095491226815,2.3623737347024782,23.97332864697063,18.355869716966478,1.0,24.0526007832225,0.216711992646903,1.0,296,0.6190966024357805,1,1.0,1.0,1.0
2025-02-03,10.201857060862917,26.223621008901095,0.0,26.223621008901095,17.912931529770795,1.0,24.771110344617778,0.1657027073425884,0.9979596285878274,280,0.5620088494298628,1,1.0,1.0,1.0
2025-02-04,9.988654065582148,25.165551018046216,0.23960721590095346,25.40515823394717,15.054157179920699,1.0,25.464194446290346,0.1181555091736872,0.9971599338542158,286,0.6599809991165685,1,1.0,1.0,1.0
2025-02-05,10.576392991741466,25.365846668596728,0.0,25.365846668596728,14.277230081310293,1.0,26.17303923949711,0.06527354421497986,0.9950446552558675,293,0.6013570955320972,1,1.0,1.0,1.0
2025-02-06,9.49555996864715,28.511480019894037,0.0,28.511480019894037,16.256931638291015,1.0,26.923180039267933,0.017795744371744103,0.9931455432621381,291,0.6142744221264475,1,1.0,1.0,1.0
2025-02-07,10.747715949010361,28.978048653741467,0.0,28.978048653741467,12.408038765061583,1.0,27.70769533132297,0.0,0.990996000072336,318,0.6718186328901234,1,1.0,1.0,1.0
2025-02-08,8.636180338963317,24.258517938121443,0.0,24.258517938121443,16.977488483606884,1.0,28.355589296864665,0.0,0.9892687640045433,305,0.6006267092532998,1,1.0,1.0,1.0
2025-02-09,11.195707514953837,22.91876003160996,0.0,22.91876003160996,13.05537462701707,1.0,29.02787864779594,0.0,0.9870296225015526,296,0.6168300510085637,1,1.0,1.0,1.0
2025-02-10,11.044244059418771,25.967214267541703,0.0,25.967214267541703,21.7741575263534,1.0,29.75810781433515,0.0,0.9848207736896688,303,0.5822240630809229,1,1.0,1.0,1.0
2025-02-11,11.422743032141877,25.290725888677628,0.0,25.290725888677628,17.135453864451723,1.0,30.482377192751542,0.0,0.9825362250832405,308,0.5778285277865333,1,1.0,1.0,1.0
2025-02-12,10.447797299919497,23.736561442712944,0.0,23.736561442712944,15.22416445582996,1.0,31.15606436760419,0.0,0.9804466656232566,307,0.6379236379590159,1,1.0,1.0,1.0
2025-02-13,12.28553186543898,24.58704318098578,0.0,24.58704318098578,16.425834060287645,1.0,31.883515868532687,0.0,0.9779895592501687,290,0.5733092212540801,1,1.0,1.0,1.0
2025-02-14,12.228982062765663,27.55736844655026,0.0,27.55736844655026,18.386968427540854,1.0,32.669242878719004,0.0,0.9755437628376156,315,0.5751675846208957,1,1.0,1.0,1.0
2025-02-15,11.71432988088551,29.185277997746496,0.0,29.185277997746496,13.09569344075172,1.0,33.477235036291646,0.0,0.9732008968614385,296,0.6889967635201497,1,1.0,1.0,1.0
2025-02-16,12.93327823096717,25.972678794789054,0.3425989248455612,26.315277719634615,17.547601112731336,1.0,34.24535417680677,0.0,0.9723272358394729,305,0.5417400850916817,1,1.0,1.0,1.0
2025-02-17,12.18182225210977,25.538654463556448,0.0,25.538654463556448,14.337090051967882,1.0,34.9897637111201,0.0,0.969890871389051,318,0.5818275696032298,1,1.0,1.0,1.0
2025-02-18,10.437863728349003,31.492635991832053,0.0,31.492635991832053,10.199012943640561,1.0,35.81837370552372,0.0,0.9678032986433811,289,0.5721411901118519,1,1.0,1.0,1.0
2025-02-19,11.42815304925385,26.29446786773333,0.0,26.29446786773333,14.349871030580546,1.0,36.56282612386346,0.0,0.9655176680335303,312,0.5771150999264059,1,1.0,1.0,1.0
2025-02-20,12.44644255580151,22.94902533012996,0.0,22.94902533012996,13.953490926046918,1.0,37.26073548158209,0.0,0.9630283795223701,299,0.6213668404072745,1,1.0,1.0,1.0
2025-02-21,12.986092635130248,18.450353103562733,0.0,18.450353103562733,17.071652708220824,1.0,37.87946439635595,0.0,0.960431160995344,283,0.6994400403247789,1,1.0,1.0,1.0
2025-02-22,14.092331614656484,25.332421631862623,0.0,25.332421631862623,16.40159148166877,1.0,38.65795946128633,0.0,0.9576126946724127,312,0.6370116385371963,1,1.0,1.0,1.0
2025-02-23,13.426928306856057,22.62686809808782,0.0,22.62686809808782,13.479072153051236,1.0,39.36903538938521,0.0,0.9549273090110415,294,0.6038087208583051,1,1.0,1.0,1.0
2025-02-24,13.272223268797052,27.254978595238928,0.0,27.254978595238928,9.288098737675524,1.0,40.16957942666593,0.0,0.9522728643572821,316,0.5870944872766856,1,1.0,1.0,1.0
2025-02-25,15.202911803630021,23.5263614556127,0.0,23.5263614556127,17.315261070321714,1.0,40.934164891850784,0.0,0.9492322819965561,302,0.47355210195783454,1,1.0,1.0,1.0
2025-02-26,12.359690820944559,27.521625894673683,0.0,27.521625894673683,17.156691632364257,1.0,41.72179122616315,0.0,0.9467603438323672,314,0.603302666047112,1,1.0,1.0,1.0
2025-02-27,12.206459761758161,27.744306046251012,0.0,27.744306046251012,14.70776787596452,1.0,42.51080654232333,0.0,0.9443190518800155,314,0.5702719111528448,1,1.0,1.0,1.0
2025-02-28,12.646930908351719,26.79842385299088,0.0,26.79842385299088,12.6488116073373,1.0,43.28971363755018,0.0,0.9417896656983452,292,0.5615826773278354,1,1.0,1.0,1.0
2025-03-01,12.260505448560332,24.99913841862109,0.24348979619708988,25.24262821481818,19.77474620505311,1.0,44.02490651489381,0.0,0.9405550135896186,302,0.6387962487870918,1,1.0,1.0,1.0
2025-03-02,14.094679556271563,22.82517270254319,0.0,22.82517270254319,13.390344348466916,1.0,44.7533035600701,0.0,0.9377360776783643,317,0.5387290741786699,1,1.0,1.0,1.0
2025-03-03,12.956042245501196,27.118621137572358,0.0,27.118621137572358,13.813514729894733,1.0,45.544796827731574,0.0,0.9351448692292641,291,0.6234486235102116,1,1.0,1.0,1.0
2025-03-04,13.372379336749404,24.16349054242718,0.0,24.16349054242718,13.934359278861843,1.0,46.285514225315104,0.0,0.9324703933619142,286,0.4768205939825283,1,1.0,1.0,1.0
2025-03-05,16.078829611645183,22.522057149513827,0.0,22.522057149513827,17.67501741772051,1.0,47.04753196053829,0.0,0.9292546274395851,305,0.48741632039226135,1,1.0,1.0,1.0
2025-03-06,14.667415764839124,22.951676096776026,0.0,22.951676096776026,13.411022795045684,1.0,47.78991379777059,0.0,0.9263211442866173,319,0.5710055499454386,1,1.0,1.0,1.0
2025-03-07,14.830086292336729,18.957261443050015,0.0,18.957261443050015,14.034420296379572,1.0,48.45566075247832,0.0,0.9233551270281499,314,0.6322239897448629,1,1.0,1.0,1.0
2025-03-08,12.920607678582382,24.792586647865736,0.0,24.792586647865736,15.893657862556909,1.0,49.199924639007286,0.0,0.9207710054924334,291,0.5823262508302904,1,1.0,1.0,1.0
2025-03-09,14.474113543262387,24.34287457648673,0.0,24.34287457648673,15.631318066577798,1.0,49.96626440140227,0.0,0.9178761827837809,289,0.6193857537842821,1,1.0,1.0,1.0
2025-03-10,13.49754180904222,21.40611170372374,0.0,21.40611170372374,18.779849935945794,1.0,50.65433747165759,0.0,0.9151766744219725,315,0.6308347398327224,1,1.0,1.0,1.0
2025-03-11,15.087486558073591,20.714891729456898,0.0,20.714891729456898,14.854678350377007,1.0,51.3603850374082,0.0,0.9121591771103578,319,0.49585793397035965,1,1.0,1.0,1.0
2025-03-12,12.102382146044604,20.340971448305776,0.0,20.340971448305776,12.63384554185567,1.0,51.999252109295206,0.0,0.9097387006811488,283,0.5795924285797457,1,1.0,1.0,1.0
2025-03-13,15.59504488042931,19.756415514826074,0.0,19.756415514826074,12.105595167535371,1.0,52.69628131720032,0.0,0.906619691705063,307,0.5566619566647817,1,1.0,1.0,1.0
2025-03-14,13.432704617822523,23.61562161995299,0.0,23.61562161995299,10.149657520845619,1.0,53.427247841955825,0.0,0.9039331507814985,312,0.47927571979694333,1,1.0,1.0,1.0
2025-03-15,14.587231353308887,26.8090890901116,0.0,26.8090890901116,15.422867603982166,1.0,54.245174250824235,0.0,0.9010157045108367,286,0.6066960959501311,1,1.0,1.0,1.0
2025-03-16,14.034485418300992,23.55311586950089,0.0,23.55311586950089,19.571321907396555,1.0,54.98692627658027,0.0,0.8982088074271765,313,0.7004464261897053,1,1.0,1.0,1.0
2025-03-17,13.07373876596807,28.899773317691086,0.0,28.899773317691086,18.026204005660734,1.0,55.816396518253455,0.0,0.8955940596739829,308,0.5048477151661603,1,1.0,1.0,1.0
2025-03-18,16.200151550081713,18.919864707670367,0.0,18.919864707670367,12.254025717107467,1.0,56.5087968434085,0.0,0.8923540293639666,289,0.5752430640529548,1,1.0,1.0,1.0
2025-03-19,15.507283028403949,17.24271339856194,0.0,17.24271339856194,21.93873001036841,1.0,57.15379677194782,0.0,0.8892525727582857,310,0.6133047176944412,1,1.0,1.0,1.0
2025-03-20,15.520245677477762,15.278835608894472,0.0,15.278835608894472,19.45681110090967,1.0,57.75977839767526,0.0,0.8861485236227902,308,0.5630454108110134,1,1.0,1.0,1.0
2025-03-21,14.694931551337776,20.034909200001913,0.0,20.034909200001913,19.335225248876426,1.0,58.444375212702056,0.0,0.8832095373125226,289,0.5707342299774467,1,1.0,1.0,1.0
2025-03-22,13.63867820914136,15.438728516752658,0.0,15.438728516752658,16.74410755004719,1.0,59.01592334721994,0.0,0.8804818016706943,296,0.4895433680864575,1,1.0,1.0,1.0
2025-03-23,15.022834730474797,16.049696448895663,0.0,16.049696448895663,15.031189654414474,1.0,59.62737397080735,0.0,0.8774772347245994,281,0.5580720395873148,1,1.0,1.0,1.0
2025-03-24,15.89245790285801,14.109551096722086,0.0,14.109551096722086,15.925831904529861,1.0,60.21741415079895,0.0,0.8742987431440278,314,0.6779549413973102,1,1.0,1.0,1.0
2025-03-25,13.8460468003182,20.240515331492094,0.0,20.240515331492094,13.822078097471795,1.0,60.88914539343516,0.0,0.8715295337839641,294,0.5512485349288925,1,1.0,1.0,1.0
2025-03-26,15.61360177479223,16.31450633687527,0.0,16.31450633687527,11.304396595464752,1.0,61.51770755566851,0.0,0.8684068134290057,314,0.5748921772654609,1,1.0,1.0,1.0
2025-03-27,16.033656671912784,15.900286622131523,0.0,15.900286622131523,16.58292292836295,1.0,62.146386421549394,0.0,0.8652000820946232,302,0.5871521850894654,1,1.0,1.0,1.0
2025-03-28,14.586297336262579,21.45364782045087,0.0,21.45364782045087,15.31139462176374,1.0,62.85718532468366,0.0,0.8622828226273707,287,0.5887594781415038,1,1.0,1.0,1.0
2025-03-29,13.916347536891863,22.080738482207373,0.0,22.080738482207373,14.892684424077993,1.0,63.56712704506565,0.0,0.8594995531199923,288,0.5791303994819604,1,1.0,1.0,1.0
2025-03-30,14.471264432320993,15.615144621551575,0.0,15.615144621551575,12.660283804538693,1.0,64.1588552261431,0.0,0.8566053002335281,298,0.635257393042825,1,1.0,1.0,1.0
2025-03-31,16.70257303485927,20.222513100007077,0.0,20.222513100007077,12.192163720708924,1.0,64.88735694884043,0.0,0.8532647856265563,305,0.5648623889363347,1,1.0,1.0,1.0
2025-04-01,15.831449361695793,21.041966632612006,0.0,21.041966632612006,13.007113905860306,1.0,65.61482526872659,0.0,0.8500984957542171,308,0.6422693798025965,1,1.0,1.0,1.0
2025-04-02,13.279670496582336,19.603213957723078,0.0,19.603213957723078,11.77082065282093,1.0,66.2624829578127,0.0,0.8474425616549007,285,0.6382782918025053,1,1.0,1.0,1.0
2025-04-03,13.681978079532614,19.80795698891289,0.0,19.80795698891289,15.097619842061844,1.0,66.9222816591816,0.0,0.8447061660389942,305,0.6203719486645818,1,1.0,1.0,1.0
2025-04-04,16.126701413980147,15.97530422886977,0.0,15.97530422886977,9.879428685177217,1.0,67.5543217720386,0.0,0.8414808257561982,287,0.5802264412952345,1,1.0,1.0,1.0
2025-04-05,14.216649340804953,21.769138578190002,0.0,21.769138578190002,16.140573191755244,1.0,68.2640375304185,0.0,0.8386374958880373,317,0.5051687003246567,1,1.0,1.0,1.0
2025-04-06,12.855160266100764,12.549335089148322,0.0,12.549335089148322,15.092317464168993,1.0,68.76212743752349,0.0,0.8360664638348171,298,0.75979650114934,1,1.0,1.0,1.0
2025-04-07,14.947255762163111,19.52003252606832,0.0,19.52003252606832,14.33203192673742,1.0,69.44147320328811,0.0,0.8330770126823844,300,0.4845954722905043,1,1.0,1.0,1.0
2025-04-08,13.264586365736367,14.57605606477985,0.0,14.57605606477985,16.082960373755228,1.0,69.98828605189844,0.0,0.8304240954092371,295,0.6252810386878055,1,1.0,1.0,1.0
2025-04-09,15.34366940708068,13.096408279918839,0.0,13.096408279918839,20.358833704501116,1.0,70.54708760563844,0.0,0.827355361527821,310,0.589748427046321,1,1.0,1.0,1.0
2025-04-10,15.674871250331456,15.409384203614886,0.0,15.409384203614886,14.24453056077488,1.0,71.15877271471737,0.0,0.8242203872777547,304,0.6637616500178833,1,1.0,1.0,1.0
2025-04-11,13.911859210443149,17.19660085639616,0.0,17.19660085639616,17.352844215771952,1.0,71.77094191605416,0.0,0.8214380154356661,301,0.657406954572977,1,1.0,1.0,1.0
2025-04-12,14.62672426761287,13.077837901622136,0.0,13.077837901622136,17.543346999414293,1.0,72.31503315943885,0.0,0.8185126705821435,296,0.5589379350584193,1,1.0,1.0,1.0
2025-04-13,14.961077134122432,20.68196415603611,0.0,20.68196415603611,14.881769941276419,1.0,73.01789398524203,0.0,0.815520455155319,316,0.5849051487589224,1,1.0,1.0,1.0
2025-04-14,14.335544065778233,15.170531308608757,0.0,15.170531308608757,17.248628118922912,1.0,73.59801549272977,0.0,0.8126533463421634,307,0.5725772354254546,1,1.0,1.0,1.0
2025-04-15,12.752721549823766,12.909621848526823,0.0,12.909621848526823,9.681762501331646,1.0,74.10126236069678,0.0,0.8101028020321986,303,0.5514592167167831,1,1.0,1.0,1.0
2025-04-16,15.063342516542251,15.973936847730084,0.0,15.973936847730084,23.454779492139867,1.0,74.71200794798223,0.0,0.8070901335288901,315,0.5357939392729424,1,1.0,1.0,1.0
2025-04-17,12.805134355911616,17.80253040848929,0.0,17.80253040848929,12.456186005657571,1.0,75.31416124327025,0.0,0.8045291066577078,296,0.5983740832234724,1,1.0,1.0,1.0
2025-04-18,14.831752035388925,14.180083374344274,0.0,14.180083374344274,10.360978009839942,1.0,75.88439795146492,0.0,0.80156275625063,307,0.6392958412322829,1,1.0,1.0,1.0
2025-04-19,13.1762610633588,11.209013904734128,0.0,11.209013904734128,12.514761303374975,1.0,76.36210345082678,0.0,0.7989275040379582,292,0.5362736552895251,1,1.0,1.0,1.0
2025-04-20,15.47670713198811,12.899604718231002,0.0,12.899604718231002,10.991524525338082,1.0,76.91962968783116,0.0,0.7958321626115605,295,0.6506557732358027,1,1.0,1.0,1.0
2025-04-21,15.152424571632588,15.13796076733206,0.0,15.13796076733206,16.369640734926612,1.0,77.51543739461046,0.0,0.792801677697234,294,0.5923662434721871,1,1.0,1.0,1.0
2025-04-22,15.072348364237932,12.431394367257692,0.0,12.431394367257692,16.307007753073453,1.0,78.05551224924037,0.0,0.7897872080243864,289,0.5488781763128776,1,1.0,1.0,1.0
2025-04-23,14.357555340216987,7.327749256067436,0.0,7.327749256067436,15.388891846594577,1.0,78.47921834116606,0.0,0.786915696956343,295,0.5242073939734497,1,1.0,1.0,1.0
2025-04-24,14.31212513551306,11.094360609951384,0.0,11.094360609951384,18.104608780917808,1.0,78.97734805607534,0.0,0.7840532719292403,319,0.5991459132469407,1,1.0,1.0,1.0
2025-04-25,13.69944434350302,8.614623345164196,0.0,8.614623345164196,12.943209586031202,1.0,79.41362940984868,0.0,0.7813133830605398,308,0.6565731929317288,1,1.0,1.0,1.0
2025-04-26,14.733750406182349,6.204171569733624,0.0,6.204171569733624,17.021045183826608,1.0,79.822387849367,0.0,0.7783666329793033,292,0.6007701796255096,1,1.0,1.0,1.0
2025-04-27,15.838471524184794,12.354649475561471,0.0,12.354649475561471,18.327797863243042,1.0,80.37625026936193,0.0,0.7751989386744663,296,0.5178965513695183,1,1.0,1.0,1.0
2025-04-28,12.9545540829043,12.332444709752602,0.0,12.332444709752602,18.265601624419478,1.0,80.87199024521507,0.0,0.7726080278578855,317,0.6095508270249718,1,1.0,1.0,1.0
2025-04-29,12.793872930360537,10.89271880344384,0.0,10.89271880344384,18.672149133644517,1.0,81.33572207989116,0.0,0.7700492532718134,294,0.6200081685205237,1,1.0,1.0,1.0
2025-04-30,15.64967369202626,0.4482241676265293,0.0,0.4482241676265293,14.712455448133253,0.9994822416762653,81.64768003708421,0.0,0.7669193185334081,285,0.5235047008222301,1,1.0,1.0,1.0
2025-05-01,13.051147176817368,11.157139160763656,0.0,11.157139160763656,16.700229978172384,1.0,82.12184576383584,0.0,0.7643090890980446,286,0.6680944921826177,1,1.0,1.0,1.0
2025-05-02,13.322489448573636,12.215027268690587,0.0,12.215027268690587,12.840535850273918,1.0,82.62259609818112,0.0,0.76164459120833,288,0.5530099202625826,1,1.0,1.0,1.0
2025-05-03,15.051609396544281,11.74155442332028,0.47363943849431767,12.215193861814598,14.41851942999874,1.0,83.14845937457841,0.0,0.7610024665214927,292,0.5336746509269629,1,1.0,1.0,1.0
2025-05-04,12.698897515453428,9.121604001719907,0.0,9.121604001719907,13.358574866366252,1.0,83.57486940492187,0.0,0.758462687018402,296,0.5362781754178586,1,1.0,1.0,1.0
2025-05-05,12.671525214141194,4.9276600740851615,0.0,4.9276600740851615,10.284825317485346,1.0,83.9168531106864,0.0,0.7559283819755738,311,0.6432877952815462,1,1.0,1.0,1.0
2025-05-06,13.968009280930776,1.6618939630852223,0.0,1.6618939630852223,11.295163268259941,1.0,84.21945117556672,0.0,0.7531347801193876,302,0.6336386418540808,1,1.0,1.0,1.0
2025-05-07,13.923331732260246,2.2231760948563704,0.0,2.2231760948563704,11.8066758079947,1.0,84.53238133210905,0.0,0.7503501137729356,283,0.5985951354294737,1,1.0,1.0,1.0
2025-05-08,14.538093990430323,12.516290535877513,0.0,12.516290535877513,14.696407006632123,1.0,85.06346902263522,0.0,0.7474424949748495,292,0.6385870696064919,1,1.0,1.0,1.0
2025-05-09,13.79593788910737,2.6389898362060755,0.0,2.6389898362060755,9.644936107316013,1.0,85.38216757714149,0.0,0.744683307397028,319,0.5895611583239914,1,1.0,1.0,1.0
2025-05-10,14.344644817964427,12.835666132892241,0.0,12.835666132892241,14.963927174332243,1.0,85.91577379615862,0.0,0.7418143784334351,288,0.5745149345939573,1,1.0,1.0,1.0
2025-05-11,13.643972593731199,8.56913852874146,0.0,8.56913852874146,18.111679250915778,1.0,86.35003601860807,0.0,0.7390855839146889,301,0.6449869876761904,1,1.0,1.0,1.0
2025-05-12,13.705672240315309,6.729511262155674,0.0,6.729511262155674,17.80634567658739,1.0,86.74873968865748,0.0,0.7363444494666259,285,0.6507327406869587,1,1.0,1.0,1.0
2025-05-13,13.016047062660691,2.399931615013391,0.0,2.399931615013391,13.174377979408602,1.0,87.04705926221096,0.0,0.7337412400540938,284,0.6540586514848832,1,1.0,1.0,1.0
2025-05-14,11.642328544415802,7.27857749748383,0.0,7.27857749748383,12.345828780269741,1.0,87.41547738304895,0.0,0.7314127743452107,291,0.5760019203952448,1,1.0,1.0,1.0
2025-05-15,12.095925354300663,2.575668239446454,0.0,2.575668239446454,15.68298083809354,1.0,87.69890925492389,0.0,0.7289935892743505,317,0.5910659502544977,1,1.0,1.0,1.0
2025-05-16,12.049662342072754,6.167379552764472,0.0,6.167379552764472,12.084257118166128,1.0,88.05325009282063,0.0,0.726583656805936,281,0.5343985786768254,1,1.0,1.0,1.0
2025-05-17,12.739545175796897,7.2395263869064,0.0,7.2395263869064,16.915570008943952,1.0,88.4428315240747,0.0,0.7240357477707766,303,0.6210413093058449,1,1.0,1.0,1.0
2025-05-18,12.962045356333805,2.1585430752591312,0.0,2.1585430752591312,20.663335827628604,1.0,88.73524329270657,0.0,0.7214433386995098,316,0.5853949507305608,1,1.0,1.0,1.0
2025-05-19,10.903913378571888,0.0,0.0,0.0,17.002674133310943,0.995,88.94332156027801,0.0,0.7192625560237954,313,0.5610112269154219,1,0.995,1.0,1.0
2025-05-20,10.427981479331478,0.0,0.0,0.0,17.922555361005735,0.99,89.14188118986463,0.0,0.7171769597279292,284,0.5698240953069067,1,0.99,1.0,1.0
2025-05-21,10.969598695872442,4.262978886984381,0.0,4.262978886984381,11.685923900303372,1.0,89.43653274152177,0.0,0.7149830399887547,294,0.5121351774586265,1,1.0,1.0,1.0
2025-05-22,13.53535733615382,5.165716939353208,0.0,5.165716939353208,7.937726104242353,1.0,89.80055422703191,0.0,0.7122759685215239,303,0.608882484769688,1,1.0,1.0,1.0
2025-05-23,11.75815484456217,6.744792023037821,0.7053142182889873,7.450106241326808,18.725313978542996,1.0,90.1606131643839,0.0,0.7134509086440564,317,0.666852671783174,1,1.0,1.0,1.0
2025-05-24,9.108871646043621,1.2444705021232227,0.0,1.2444705021232227,11.8091839650384,1.0,90.35768000734724,0.0,0.7116291343148476,315,0.6138907300461979,1,1.0,1.0,1.0
2025-05-25,9.786150678550618,4.588274326956325,0.0,4.588274326956325,15.437834785708691,1.0,90.63516850745738,0.0,0.7096719041791375,300,0.6284823356289577,1,1.0,1.0,1.0
2025-05-26,9.002305642763005,0.0,1.0527465502801223,1.0527465502801223,18.12320273725725,0.995,90.80521462031264,0.0,0.7131351758019855,285,0.6106785356753257,1,0.995,1.0,1.0
2025-05-27,10.719465503614975,3.1865777879203177,0.0,3.1865777879203177,10.106586881300782,1.0,91.07333548614335,0.0,0.7109912827012624,303,0.5464665243810976,1,1.0,1.0,1.0
2025-05-28,10.486405908996556,1.4034964388363518,0.0,1.4034964388363518,22.992654271788222,1.0,91.30113353310001,0.0,0.7088940015194631,306,0.614300924360572,1,1.0,1.0,1.0
2025-05-29,11.094158388879352,9.345861083701866,1.7033088179323603,11.049169901634226,15.547239695419307,1.0,91.69993392255164,0.0,0.7151917139313491,318,0.596276121925956,1,1.0,1.0,1.0
2025-05-30,10.129546947335081,4.472347805003793,0.0,4.472347805003793,11.791700310023622,1.0,91.98197181759842,0.0,0.713165804541882,315,0.5274641987828466,1,1.0,1.0,1.0
2025-05-31,9.988445964720063,5.902487593418892,2.1444887944601216,8.046976387879013,12.256795487089846,1.0,92.2897904887612,0.0,0.7218905593212387,294,0.6167721776867301,1,1.0,1.0,1.0
2025-06-01,10.967715565405214,2.0093550389101793,2.2932775108955648,4.302632549805744,17.53486431334173,1.0,92.5393319008475,0.0,0.7311634037626354,285,0.525891054419516,1,1.0,1.0,1.0
2025-06-02,9.550101388012836,0.0,0.0,0.0,19.454000210508752,0.995,92.72033392860776,0.0,0.7292533834850329,290,0.5429263273486611,1,0.995,1.0,1.0
2025-06-03,9.784609138460388,0.5180676383057867,0.0,0.5180676383057867,16.857471209458982,0.9951806763830578,92.91638746414309,0.0,0.7272964616573409,283,0.6581035717798027,1,1.0,1.0,1.0
2025-06-04,8.342887786546985,2.056898137758706,1.2557047912880233,3.3126029290467294,16.649385796708238,1.0,93.1143831826292,0.0,0.7319064080564716,302,0.536106695900571,1,1.0,1.0,1.0
2025-06-05,9.530751471029662,2.288866730927948,0.0,2.288866730927948,17.037459541720555,1.0,93.34077554666835,0.0,0.7300002577622656,282,0.7349766881338766,1,1.0,1.0,1.0
2025-06-06,10.226947909414115,0.0,0.0,0.0,18.12812867100395,0.995,93.53531450485664,0.0,0.7279548681803828,318,0.5678936119848806,1,0.995,1.0,1.0
2025-06-07,10.257256501622194,0.9471601321783685,2.6302321947104845,3.577392326888853,13.830167162848657,0.9994716013217837,93.74940283753266,0.0,0.7390545778536107,301,0.4929378451740139,1,1.0,1.0,1.0
2025-06-08,8.088944150655168,0.37032000782840346,4.259375123689258,4.6296951315176615,15.256981444972286,0.9981748014000678,93.90858812070233,0.00214903048361674,0.758733664641926,297,0.5318661869718389,1,1.0,1.0,1.0
2025-06-09,7.75908655024123,0.549692590598849,0.0,0.549692590598849,15.882645980206258,0.9986717273060562,94.06476370351913,0.0,0.7571818473318778,298,0.6167472912884545,1,1.0,1.0,1.0
2025-06-10,9.333519804691285,5.062354052499275,2.371253286527576,7.433607339026851,13.039560998322969,1.0,94.34268118066295,0.0,0.7671714098035773,311,0.6059411029089194,1,1.0,1.0,1.0
2025-06-11,8.389139377753802,4.191293131322514,3.2183470020262117,7.409640133348725,13.65336060227363,1.0,94.58428983084448,0.0,0.7815853169381577,305,0.5664546679027266,1,1.0,1.0,1.0
2025-06-12,10.346870540447428,0.03627548383421053,1.5396138121422729,1.5758892959764834,14.038479145351472,0.9953627548383421,94.78195275133011,0.0,0.7872140118907796,298,0.6015506619151716,1,0.9960882645150263,1.0,1.0
2025-06-13,9.272874781503912,0.0,2.2194821793461506,2.2194821793461506,18.594096739184874,0.9903627548383421,94.9574102469602,0.0,0.7964568478312095,302,0.6294425402486217,1,0.9903627548383421,1.0,1.0
2025-06-14,7.417193890451868,0.0,2.7939918271798847,2.7939918271798847,13.405790833654526,0.9853627548383421,95.09575412476923,0.0,0.8089433681890186,309,0.5842191609518322,1,0.9853627548383421,1.0,1.0
2025-06-15,9.653342369283056,0.0,1.1797065987900577,1.1797065987900577,14.012084923115605,0.9803627548383421,95.27882097215489,0.0,0.8129112327091123,300,0.594677659270309,1,0.9803627548383421,1.0,1.0
2025-06-16,7.427737955879726,2.2507532463620556,0.0,2.2507532463620556,14.051595871087882,0.9978702873019627,95.46239079619973,0.0,0.8114256851179363,311,0.6372205916154479,1,1.0,1.0,1.0
2025-06-17,6.9324585238842324,1.9440018834289905,0.0,1.9440018834289905,8.512600748938189,1.0,95.62992000434599,0.0,0.8100391934131594,299,0.538254483624016,1,1.0,1.0,1.0
2025-06-18,8.617890249603875,0.0,6.146698295251113,6.146698295251113,7.759490086357388,0.995,95.79227780933807,0.01837753170449176,0.8390491068394942,319,0.62792553662632,1,0.995,1.0,1.0
2025-06-19,6.742718817792407,2.3771969843478917,8.59853627347913,10.975733257827022,14.975218457011797,1.0,95.96467612538088,0.07064930035032102,0.8806932444433313,313,0.675506708520067,1,1.0,1.0,1.0
2025-06-20,6.449662778466964,7.270713372055084,2.964448520599617,10.235161892654702,16.773079385152116,1.0,96.22908364839132,0.06804547166398238,0.894225554490636,298,0.6437478279797268,1,1.0,1.0,1.0
2025-06-21,7.05836855250017,0.0,0.0,0.0,14.195876629702859,0.995,96.36025101944132,0.03275362890148153,0.892813880780136,284,0.5878316748659389,1,0.995,1.0,1.0
2025-06-22,7.983317804280044,0.0,3.902128831573101,3.902128831573101,13.885130180595947,0.99,96.50991737552692,0.03185832819581232,0.9107278613771456,302,0.5692758770160615,1,0.99,1.0,1.0
2025-06-23,8.305120335684752,0.0,1.0326324577826531,1.0326324577826531,12.424807825493989,0.985,96.66601978224062,0.000659051095215097,0.9142299995989219,284,0.5370418762456831,1,0.985,1.0,1.0
2025-06-24,6.044821311349217,0.0,3.427109248573849,3.427109248573849,17.062788940297253,0.98,96.77691620846761,0.004706037024207497,0.9301565815795213,308,0.595052819647056,1,0.98,1.0,1.0
2025-06-25,4.7099797108088595,0.0,5.385857262653575,5.385857262653575,14.573136128841393,0.975,96.86111580268378,0.03501471109669896,0.9561438719506274,315,0.6311943411605717,1,0.975,1.0,1.0
2025-06-26,4.622200064828071,3.0861934592601985,3.390407499452256,6.476600958712455,12.371178044462967,1.0,97.00528367316555,0.045807785767081166,0.9721714694349232,292,0.5993429252229959,1,1.0,1.0,1.0
2025-06-27,6.773910548546904,0.0,3.698588535127498,3.698588535127498,16.467672230487253,0.995,97.13076188413649,0.04892411837562163,0.9893096300008513,292,0.6859680065869742,1,0.995,1.0,1.0
2025-06-28,4.6593833577767425,0.5851657218329978,6.053629271380523,6.638794993213521,14.534085979835366,0.99585165721833,97.22565286572869,0.08616349430054315,1.0,302,0.5754143885783315,1,1.0,1.0,1.0
2025-06-29,5.797343304125645,0.0,4.290970024499049,4.290970024499049,16.44346064973231,0.99085165721833,97.33159973181121,0.10008647802490542,1.0,289,0.6341988323984802,1,0.99085165721833,1.0,1.0
2025-06-30,6.481496253764961,0.0,2.2080836560942716,2.2080836560942716,18.432741349426323,0.98585165721833,97.45122965688651,0.08975983331702334,1.0,303,0.5550070887220139,1,0.98585165721833,1.0,1.0
2025-07-01,6.0429092419954955,0.0,3.720650904592194,3.720650904592194,11.424988341170383,0.98085165721833,97.56208784172642,0.09675179615296779,1.0,282,0.6531044878854918,1,0.98085165721833,1.0,1.0
2025-07-02,2.9712848156640193,0.0,4.743147790921427,4.743147790921427,11.116220608167055,0.97585165721833,97.6115135380397,0.12932684998386196,1.0,282,0.5610968907235941,1,0.97585165721833,1.0,1.0
2025-07-03,4.483815295928998,0.0,5.034275116750021,5.034275116750021,19.04971182562207,0.97085165721833,97.69118984395828,0.15725052467171718,1.0,316,0.5979763016533265,1,0.97085165721833,1.0,1.0
2025-07-04,6.40487994999617,0.0,5.069297110729632,5.069297110729632,16.16721908078166,0.96585165721833,97.80928744295821,0.17591909602903266,1.0,291,0.58353722839946,1,0.96585165721833,1.0,1.0
2025-07-05,6.9060068994529935,3.5903602703456468,4.389277746112926,7.979638016458573,9.864993445423977,0.9967552599217865,98.00921478635418,0.18528183899289696,1.0,306,0.48895932344649295,1,1.0,1.0,1.0
2025-07-06,5.411029841800914,0.0,3.0898199210917436,3.0898199210917436,10.01478758244389,0.9917552599217865,98.1074353831902,0.18912488899480984,1.0,282,0.6092054719104566,1,0.9917552599217865,1.0,1.0
2025-07-07,4.154927574254542,0.0,6.320993131875757,6.320993131875757,15.80435259054375,0.9867552599217865,98.18053393467528,0.2315601824422947,1.0,294,0.5353909697896507,1,0.9867552599217865,1.0,1.0
2025-07-08,2.852334994054597,2.2637538354482967,4.880306489213665,7.144060324661962,8.290940286119264,1.0,98.27285571126534,0.2661015723641584,1.0,305,0.6388948419151822,1,1.0,1.0,0.924054093906148
2025-07-09,5.035968795704264,0.0,5.353716264779908,5.353716264779908,22.792900385580033,0.995,98.36357508717943,0.29445889103343614,1.0,298,0.6289971320205063,1,0.995,1.0,1.0
2025-07-10,5.111175475881135,0.0,7.5987583939950225,7.5987583939950225,11.521660754216061,0.99,98.45579859669705,0.34489059759398066,1.0,315,0.5714312130388369,1,0.99,1.0,0.9958544341314284
2025-07-11,3.8030914286180604,0.0,9.007852354678999,9.007852354678999,14.40550043698564,0.985,98.52186042526941,0.41595366399768036,1.0,288,0.6179942055220647,1,0.985,1.0,0.837585764576857
2025-07-12,3.040385311534951,0.0,6.7473693711411,6.7473693711411,14.682864150564917,0.98,98.57266813150011,0.46822543115141657,1.0,291,0.6065141626553332,1,0.98,1.0,0.7344669229509135
2025-07-13,2.8486046287223856,0.0,5.984343000865301,5.984343000865301,13.114152252576499,0.975,98.61964022407456,0.5138258380164576,1.0,303,0.6195458916065467,1,0.975,1.0,0.6760811372317014
2025-07-14,0.4060857270959315,0.5165297448006241,10.515902727154185,11.03243247195481,13.164836732376685,0.9751652974480062,98.62809253351249,0.6169544366525198,1.0,312,0.6229329333663721,1,0.9854958923440187,1.0,0.4101179451538756
2025-07-15,5.571432865978284,0.0,8.938141409073605,8.938141409073605,12.67339560593501,0.9701652974480062,98.72952119083205,0.6784786864133644,1.0,310,0.5876122036435909,1,0.9701652974480062,1.0,0.6929501713185212
2025-07-16,2.179857824251586,0.0,11.018734895931384,11.018734895931384,12.327796162991731,0.9651652974480062,98.76311834731708,0.7777667462514203,1.0,289,0.621272924957506,1,0.9651652974480062,1.0,0.3675571086986854
2025-07-17,3.0170405174285366,0.0,8.010365004385525,8.010365004385525,17.22129218950398,0.9601652974480062,98.81345915766565,0.8427851937081329,1.0,280,0.6218576500797394,1,0.9601652974480062,1.0,0.3583508407871029
2025-07-18,1.8970316973272674,0.0,10.919144945082774,10.919144945082774,15.54524566734653,0.9551652974480062,98.84139979161219,0.9424914846723242,1.0,286,0.5848044723925236,1,0.9551652974480062,1.0,0.1839772951494936
2025-07-19,2.8109498358933864,0.0,7.784338931505474,7.784338931505474,13.826027093876473,0.9501652974480062,98.88761878833006,1.0,1.0,319,0.6120107066071361,1,0.9501652974480062,1.0,0.18739665572622577
2025-07-20,0.9590254951647772,0.0,5.7041411560600395,5.7041411560600395,16.482335560680916,0.9451652974480061,98.89679929823336,1.0,1.0,315,0.5514293795536223,1,0.9451652974480061,1.0,0.06393503301098515
2025-07-21,1.0280398696782984,0.0,8.807398695426587,8.807398695426587,9.742781671697259,0.9401652974480061,98.90736009562693,1.0,1.0,313,0.6047935537417515,1,0.9401652974480061,1.0,0.06853599131188656
2025-07-22,0.8278394895923411,0.0,6.372186962454693,6.372186962454693,17.94522764894185,0.9351652974480061,98.91391688541877,1.0,1.0,287,0.6368489990095253,1,0.9351652974480061,1.0,0.05518929930615608
2025-07-23,2.465365129971858,0.0,9.026607764046407,9.026607764046407,16.54876776806522,0.9301652974480061,98.95322418801821,1.0,1.0,312,0.5776257006496401,1,0.9301652974480061,1.0,0.1643576753314572
2025-07-24,1.8178824569680976,0.0,9.821654119872226,9.821654119872226,13.535362787887987,0.9251652974480061,98.97958183715757,1.0,1.0,305,0.5312312178402857,1,0.9251652974480061,1.0,0.12119216379787318
2025-07-25,0.9978822746519355,0.0,11.789275356361557,11.789275356361557,10.481653592823452,0.9201652974480061,98.98953948265061,1.0,1.0,300,0.65723521279423,1,0.9201652974480061,1.0,0.0665254849767957
2025-07-26,1.168744662159493,0.0,11.374650234872888,11.374650234872888,11.765216886150004,0.9151652974480061,99.00291437589381,1.0,1.0,311,0.5617137968149413,1,0.9151652974480061,1.0,0.07791631081063287
2025-07-27,0.636962554769418,0.0,7.034831948954496,7.034831948954496,18.91160373719583,0.9101652974480061,99.0056536269892,1.0,1.0,307,0.47870751042696086,1,0.9101652974480061,1.0,0.0424641703179612
2025-07-28,2.0002441308500267,0.0,7.769228832254996,7.769228832254996,15.267390417305036,0.9051652974480061,99.03565850960621,1.0,1.0,293,0.6245747451445401,1,0.9051652974480061,1.0,0.13334960872333512
2025-07-29,2.2305636009396057,0.0,11.644747154491368,11.644747154491368,14.753372024660086,0.9001652974480061,99.070269781625,1.0,1.0,290,0.5944539128079009,1,0.9001652974480061,1.0,0.14870424006264038
2025-07-30,0.7059404998903045,0.0,10.795720512218791,10.795720512218791,16.717792216038585,0.8951652974480061,99.0743885916228,1.0,1.0,290,0.6428636223895932,1,0.8951652974480061,1.0,0.04706269999268697
2025-07-31,-0.9397092810671546,2.158974101308565,10.866634181230765,13.02560828253933,15.985227744794994,0.9117550384610917,99.10756807364898,1.0,1.0,318,0.5984389532218842,1,0.954934520487263,1.0,0.0
2025-08-01,-2.2701037897516536,0.0,8.981765365831293,8.981765365831293,9.728376140972909,0.9067550384610917,99.09756807364897,1.0,1.0,311,0.6545037497995142,1,0.9067550384610917,1.0,0.0
2025-08-02,0.41093950193336926,0.0,6.550797793267792,6.550797793267792,13.501747689976444,0.9017550384610917,99.09578686368764,1.0,1.0,280,0.6394880090728191,1,0.9017550384610917,1.0,0.02739596679555795
2025-08-03,-0.6432971609740863,0.0,9.225153149897121,9.225153149897121,16.364600509130515,0.8967550384610917,99.08578686368763,1.0,1.0,319,0.527782821379506,1,0.8967550384610917,1.0,0.0
2025-08-04,-1.225505724747554,0.0,9.58907393403367,9.58907393403367,14.793145246793628,0.8917550384610917,99.07578686368763,1.0,1.0,292,0.6119215160503224,1,0.8917550384610917,1.0,0.0
2025-08-05,1.0725100041637472,0.0,10.396640824353396,10.396640824353396,15.495648833516185,0.8867550384610917,99.0872370637709,1.0,1.0,288,0.5003433917416806,1,0.8867550384610917,1.0,0.07150066694424981
2025-08-06,-0.8649764168036707,0.0,6.786257706329458,6.786257706329458,13.50659450324926,0.8817550384610917,99.0772370637709,1.0,1.0,313,0.5734575125036633,1,0.8817550384610917,1.0,0.0
2025-08-07,-0.4324425369643347,0.26705602485798874,13.046221645002381,13.31327766986037,20.796543000529066,0.8794255987096716,99.07257818426805,1.0,1.0,315,0.680934430554187,1,0.8847667192068314,1.0,0.0
2025-08-08,-0.9896496872869636,0.0,11.7316665142592,11.7316665142592,18.032386587506487,0.8744255987096716,99.06257818426805,1.0,1.0,315,0.5810746560442444,1,0.8744255987096716,1.0,0.0
2025-08-09,-2.1211171170313894,0.0,9.604550440446753,9.604550440446753,20.16505925342657,0.8694255987096716,99.05257818426804,1.0,1.0,317,0.6829421228249707,1,0.8694255987096716,1.0,0.0
2025-08-10,-1.8285123382976005,0.0,12.632753745122198,12.632753745122198,13.445813938630067,0.8644255987096716,99.04257818426804,1.0,1.0,316,0.533425698736173,1,0.8644255987096716,1.0,0.0
2025-08-11,-2.749484951972634,1.604878235314061,11.134104466495689,12.73898270180975,16.428597094668994,0.8754743810628123,99.06467574897432,1.0,1.0,295,0.5610158458373263,1,0.9075719457690935,1.0,0.0
2025-08-12,-0.6904165854038731,0.0,12.612741969837582,12.612741969837582,7.871694871703918,0.8704743810628123,99.05467574897432,1.0,1.0,294,0.6125262651589864,1,0.8704743810628123,1.0,0.0
2025-08-13,-1.6644572161925935,0.0,12.77475578514458,12.77475578514458,16.60746352549692,0.8654743810628123,99.04467574897431,1.0,1.0,287,0.6212603149679443,1,0.8654743810628123,1.0,0.0
2025-08-14,-3.027379691722678,0.0,11.294214289723836,11.294214289723836,19.53529323472833,0.8604743810628123,99.03467574897431,1.0,1.0,299,0.5937148945830995,1,0.8604743810628123,1.0,0.0
2025-08-15,-1.0253635870914481,0.0,11.474599346212111,11.474599346212111,14.875565293477718,0.8554743810628123,99.0246757489743,1.0,1.0,291,0.6510454837294,1,0.8554743810628123,1.0,0.0
2025-08-16,-0.672099262530806,0.0,12.477592981639244,12.477592981639244,19.135675272577174,0.8504743810628123,99.0146757489743,1.0,1.0,304,0.6599851532197833,1,0.8504743810628123,1.0,0.0
2025-08-17,-4.632010952067028,0.0,10.516610249066158,10.516610249066158,17.053810232750344,0.8454743810628123,99.0046757489743,1.0,1.0,290,0.6410508215355174,1,0.8454743810628123,1.0,0.0
2025-08-18,-3.8703341237565803,0.0,10.55776480061329,10.55776480061329,11.535244330323444,0.8404743810628122,98.99467574897429,1.0,1.0,317,0.6697083312617518,1,0.8404743810628122,0.9987373659842284,0.0
2025-08-19,-1.8272015609064738,0.0,14.042905846210036,14.042905846210036,10.96704414341177,0.8354743810628122,98.98467574897428,1.0,1.0,308,0.6576819873244119,1,0.8354743810628122,1.0,0.0
2025-08-20,-1.2244689864686982,0.0,10.78849288784587,10.78849288784587,13.86777483643061,0.8304743810628122,98.97467574897428,1.0,1.0,303,0.6280157475966139,1,0.8304743810628122,1.0,0.0
2025-08-21,-1.6097867497511924,0.0,9.59521618461288,9.59521618461288,16.0267734058224,0.8254743810628122,98.96467574897427,1.0,1.0,317,0.511000440700427,1,0.8254743810628122,1.0,0.0
2025-08-22,-4.040932728704721,0.0,13.772525553228588,13.772525553228588,19.825353573005547,0.8204743810628122,98.95467574897427,1.0,1.0,281,0.6464360619203103,1,0.8204743810628122,1.0,0.0
2025-08-23,-4.597885145884248,0.0,13.58820229224189,13.58820229224189,13.34041031063471,0.8154743810628122,98.94467574897426,1.0,1.0,292,0.5814473656455681,1,0.8154743810628122,0.9924459145496994,0.0
2025-08-24,-4.445628424794972,0.0,10.422400044454946,10.422400044454946,12.655992107023053,0.8104743810628122,98.93467574897426,1.0,1.0,316,0.594482968414375,1,0.8104743810628122,0.988651780543969,0.0
2025-08-25,-1.7469039412540037,0.0,13.90193647002918,13.90193647002918,13.842054221364968,0.8054743810628122,98.92467574897425,1.0,1.0,290,0.6440919067387927,1,0.8054743810628122,1.0,0.0
2025-08-26,-4.271938879515084,0.0,13.710396810984646,13.710396810984646,16.502759446751778,0.8004743810628122,98.91467574897425,1.0,1.0,312,0.6362372060342955,1,0.8004743810628122,1.0,0.0
2025-08-27,-5.069053508634558,0.0,17.315597030641516,17.315597030641516,15.246886208305057,0.7954743810628122,98.90467574897424,1.0,1.0,299,0.5298096134282131,1,0.7954743810628122,1.0,0.0
2025-08-28,-5.125183570433405,0.0,12.283998203284565,12.283998203284565,12.880434298518878,0.7904743810628122,98.89467574897424,1.0,1.0,319,0.6664081172822136,1,0.7904743810628122,0.9584147264536444,0.0
2025-08-29,-4.656088107546995,0.0,14.97344428208968,14.97344428208968,17.25081475127444,0.7854743810628122,98.88467574897423,1.0,1.0,298,0.597943831089266,1,0.7854743810628122,1.0,0.0
2025-08-30,-3.559348992397558,0.0,13.030624782393799,13.030624782393799,12.432195728769466,0.7804743810628122,98.87467574897423,1.0,1.0,292,0.5651149837806524,1,0.7804743810628122,1.0,0.0
2025-08-31,-4.021042951315873,0.0,9.382837957586574,9.382837957586574,15.186982350095413,0.7754743810628122,98.86467574897422,1.0,1.0,304,0.7271600806069304,1,0.7754743810628122,1.0,0.0
2025-09-01,-3.9342124792819413,0.0,11.880957992617997,11.880957992617997,14.693762955592566,0.7704743810628122,98.85467574897422,1.0,1.0,309,0.5754224320096641,1,0.7704743810628122,1.0,0.0
2025-09-02,-3.1611307460505405,0.0,10.590065358907266,10.590065358907266,16.764779945215455,0.7654743810628122,98.84467574897421,1.0,1.0,302,0.5904712836810218,1,0.7654743810628122,1.0,0.0
2025-09-03,-5.007500847419563,0.0,13.48762684460029,13.48762684460029,19.468300995952973,0.7604743810628122,98.8346757489742,1.0,1.0,302,0.6482807604678383,1,0.7604743810628122,1.0,0.0
2025-09-04,-2.6878747448646587,2.8339107174251588,15.866134774056105,18.700045491481262,18.275241674198277,0.7838134882370638,98.88135396332271,1.0,1.0,298,0.6300135328758655,1,0.8404917025855669,1.0,0.0
2025-09-05,-3.6463583307473835,0.0,13.505069470889152,13.505069470889152,14.896267574417474,0.7788134882370638,98.8713539633227,1.0,1.0,302,0.6059211294402272,1,0.7788134882370638,1.0,0.0
2025-09-06,-3.019726721906001,0.0,11.129359781985361,11.129359781985361,15.894662551765073,0.7738134882370638,98.8613539633227,1.0,1.0,311,0.632917531493658,1,0.7738134882370638,1.0,0.0
2025-09-07,-3.426877846200657,0.0,12.333680298358999,12.333680298358999,16.916422725787655,0.7688134882370637,98.8513539633227,1.0,1.0,285,0.5398467882625873,1,0.7688134882370637,1.0,0.0
2025-09-08,-3.085769185479487,0.0,15.419906695951536,15.419906695951536,11.565677874065665,0.7638134882370637,98.84135396332269,1.0,1.0,315,0.6349498919497542,1,0.7638134882370637,1.0,0.0
2025-09-09,-5.880477504394695,0.0,12.012160702574146,12.012160702574146,16.063596171053078,0.7588134882370637,98.83135396332268,1.0,1.0,298,0.5912392890754077,1,0.7588134882370637,0.9737027276311498,0.0
2025-09-10,-4.763236379257935,0.0,12.391981566730324,12.391981566730324,8.933615042670557,0.7538134882370637,98.82135396332268,1.0,1.0,305,0.6118026769148824,1,0.7538134882370637,0.9107317650816125,0.0
2025-09-11,-4.852643675630918,0.0,15.36384776590289,15.36384776590289,11.07321193004842,0.7488134882370637,98.81135396332267,1.0,1.0,281,0.5453496154595091,1,0.7488134882370637,0.9419213483859278,0.0
2025-09-12,-3.378186248432903,0.0,11.500922203914978,11.500922203914978,15.710481187390485,0.7438134882370637,98.80135396332267,1.0,1.0,294,0.6529834575162133,1,0.7438134882370637,1.0,0.0
2025-09-13,-3.9970908633406457,4.176745828352206,13.813968008030416,17.99071383638262,16.10242693051948,0.7805809465205857,98.87488887988971,1.0,1.0,313,0.6357126683390735,1,0.8641158630876299,0.9849843224412482,0.0
2025-09-14,-3.368027351061114,2.928651590369359,12.243043264009856,15.171694854379215,12.5452103309756,0.8048674624242793,98.9234619116971,1.0,1.0,304,0.5684143146699955,1,0.8634404942316665,0.9821124394891505,0.0
2025-09-15,-5.7502138728187795,3.6920653547292686,14.851121132017427,18.543186486746695,18.08515773025679,0.836788115971572,98.9873032187917,1.0,1.0,293,0.5027729824202406,1,0.9106294230661574,0.9400672947687555,0.0
2025-09-16,-5.562664214149408,0.0,13.723479606495939,13.723479606495939,18.93058578084506,0.831788115971572,98.97730321879169,1.0,1.0,316,0.6221022995859291,1,0.831788115971572,1.0,0.0
2025-09-17,-3.743305492324958,0.013384109676139233,15.753717739558883,15.767101849235022,21.260041500715573,0.8269219570683334,98.96757090098521,1.0,1.0,294,0.6116641244295326,1,0.8271896392618562,1.0,0.0
2025-09-18,-5.686884570849294,0.0,17.301985732915064,17.301985732915064,18.72171460917615,0.8219219570683334,98.9575709009852,1.0,1.0,284,0.6026620137459683,1,0.8219219570683334,1.0,0.0
2025-09-19,-5.072841995723973,3.912702372387736,12.482519738824454,16.395222111212192,9.663210862133447,0.8560489807922107,99.02582494843296,1.0,1.0,281,0.6544353857887157,1,0.9343030282399654,0.8291573671349375,0.0
2025-09-20,-4.438455280401204,0.0,10.10655464910322,10.10655464910322,20.440629029913925,0.8510489807922107,99.01582494843295,1.0,1.0,283,0.554028693274134,1,0.8510489807922107,1.0,0.0
2025-09-21,-6.281322992863037,2.6458825335423914,13.954929472840664,16.600812006383055,16.355893761019285,0.8725078061276346,99.0587425991038,1.0,1.0,317,0.6240661948693278,1,0.9254254567984824,0.9056144290363217,0.0
2025-09-22,-4.5510777037234424,3.510869598655325,14.562304562956648,18.073174161611973,17.06329268420953,0.9026165021141879,99.1189599910769,1.0,1.0,300,0.6575462700708798,1,0.9728338940872944,0.9866169342442135,0.0
2025-09-23,-5.564399066661531,0.0,17.217565324241317,17.217565324241317,17.39207906316628,0.8976165021141879,99.1089599910769,1.0,1.0,300,0.5972630089341129,1,0.8976165021141879,1.0,0.0
2025-09-24,-4.41930943725106,6.093882205145175,14.613584109045206,20.70746631419038,10.799375317852409,0.9535553241656396,99.2208376351798,1.0,1.0,306,0.5726912025168275,1,1.0,0.837146472665417,0.0
2025-09-25,-5.1649795807335535,3.043413016204581,10.002454946945218,13.0458679631498,19.32526083893933,0.9789894543276854,99.2717058955039,1.0,1.0,312,0.6986935000043956,1,1.0,1.0,0.0
2025-09-26,-3.4221938755869337,0.03592051110528072,16.313122041572043,16.349042552677325,16.265094737286965,0.9743486594387382,99.262424305726,1.0,1.0,316,0.6048789228763201,1,0.9750670696608438,1.0,0.0
2025-09-27,-4.855702554348687,1.3937039566061766,19.75936740737346,21.153071363979638,13.923667861720618,0.9832856990047999,99.28029838485813,1.0,1.0,307,0.6171375627213578,1,1.0,0.9614019241791191,0.0
2025-09-28,-6.996425351977431,2.9458565568746113,14.557626173082713,17.503482729957327,14.687955928607176,1.0,99.32921551599561,1.0,1.0,297,0.54744853057357,1,1.0,0.8360608667404226,0.0
2025-09-29,-5.465084316400623,4.826831135881147,17.98433263474661,22.811163770627758,16.096602516851334,1.0,99.41575213871323,1.0,1.0,280,0.5546610012400618,1,1.0,0.8984858700765348,0.0
2025-09-30,-3.8153423295212123,4.823077557669028,18.26077816146473,23.08385571913376,17.423619511600695,1.0,99.50221368986661,1.0,1.0,292,0.5865858924388839,1,1.0,1.0,0.0
2025-10-01,-5.482497936785354,3.9960375147471603,15.82569095660949,19.82172847135665,17.102461201060756,1.0,99.57213444016155,1.0,1.0,318,0.6305612621456501,1,1.0,0.9309953728834685,0.0
2025-10-02,-4.960179429830138,0.0,13.608352487430254,13.608352487430254,14.204047987504952,0.995,99.56213444016154,1.0,1.0,281,0.6312259743120548,1,0.995,0.9887251616335757,0.0
2025-10-03,-4.079830466846308,2.05376668539354,18.699773046661203,20.753539732054744,17.133224124606308,1.0,99.59320977386942,1.0,1.0,284,0.5159119513881341,1,1.0,1.0,0.0
2025-10-04,-5.4595686084786745,0.0,13.779763252497508,13.779763252497508,15.570548955527201,0.995,99.58320977386941,1.0,1.0,290,0.6152335949472545,1,0.995,0.986530718834853,0.0
2025-10-05,-5.249947911278509,7.223178223648489,16.458914211567595,23.682092435216084,13.520498273849169,1.0,99.71767333834238,1.0,1.0,299,0.6052120134034455,1,1.0,0.8183806778605909,0.0
2025-10-06,-4.531593252744,3.8098791297367494,12.327168153527598,16.137047283264348,17.700990705471312,1.0,99.78387092093712,1.0,1.0,302,0.6501536827958377,1,1.0,0.9922392665259202,0.0
2025-10-07,-6.6939963470284605,8.13299865095771,15.374637292192673,23.507635943150383,15.595220432969004,1.0,99.93653089395627,1.0,1.0,292,0.5439428437020204,1,1.0,0.7625605501789061,0.0
2025-10-08,-6.0462996997851794,6.373620969418821,12.45118957264391,18.824810542062732,13.454335731932629,1.0,100.05400331334465,1.0,1.0,317,0.6219012379685206,1,1.0,0.7944515244879085,0.0
2025-10-09,-3.075101134094199,2.3206440919074485,16.103387053658746,18.424031145566197,11.11204031222513,1.0,100.0904161951828,1.0,1.0,291,0.6346200559027739,1,1.0,0.9850327333275599,0.0
2025-10-10,-6.913556652264845,8.120494729655007,19.255258106588375,27.375752836243382,13.661908080252513,1.0,100.2428260897759,1.0,1.0,294,0.6469030603278036,1,1.0,0.7196107407978661,0.0
2025-10-11,-4.563288908502557,0.0,20.381402667621366,20.381402667621366,13.41287062872815,0.995,100.2328260897759,1.0,1.0,287,0.6367802565944398,1,0.995,0.995383398387008,0.0
2025-10-12,-3.986768164900867,1.4655851218344456,17.49867508598809,18.964260207822534,12.031771639920755,1.0,100.2521377922126,1.0,1.0,294,0.5721683025682599,1,1.0,0.9718794166502803,0.0
2025-10-13,-6.051895416429417,8.23960544884358,10.932781198804165,19.172386647647745,17.95992112220265,1.0,100.40692990118947,1.0,1.0,297,0.664182329255673,1,1.0,0.8319451389050351,0.0
2025-10-14,-5.596804525820734,2.9156919657122815,11.776482005411651,14.692173971123932,15.322117623618173,1.0,100.45524374050372,1.0,1.0,290,0.5977850599782021,1,1.0,0.9172145614550206,0.0
2025-10-15,-5.482974445561631,5.237419254777939,15.381430620742119,20.61884987552006,14.254792578154884,1.0,100.54999212559927,1.0,1.0,293,0.6392507093753594,1,1.0,0.858682768928941,0.0
2025-10-16,-5.117730131757782,6.303749248742737,14.445368766241588,20.749118014984326,16.09024333678242,1.0,100.66606711057413,1.0,1.0,308,0.5539122288676188,1,1.0,0.8862092307169631,0.0
2025-10-17,-4.037436351074898,4.700314770613168,11.56737294903769,16.26768771965086,13.279435853261008,1.0,100.7500734059864,1.0,1.0,286,0.5569185138286642,1,1.0,0.9254458179216752,0.0
2025-10-18,-4.692754860769027,10.878442084776507,14.170342682516136,25.048784767292645,15.045046697329157,1.0,100.95764224768193,1.0,1.0,299,0.6201941899265145,1,1.0,0.7985441935548379,0.0
2025-10-19,-3.924864869547502,7.596833587533671,15.558634641339292,23.155468228872962,10.110462898166592,1.0,101.0995789194326,1.0,1.0,292,0.6315741617855145,1,1.0,0.8203277997413947,0.0
2025-10-20,-3.419698709181781,7.260178077437816,14.175343701933745,21.435521779371562,15.952528671711615,1.0,101.23478248098135,1.0,1.0,315,0.6843974517763156,1,1.0,0.9496869808540149,0.0
2025-10-21,-3.003805263693215,9.017323036904633,15.176543905822513,24.193866942727148,18.32655248799979,1.0,101.40512894171944,1.0,1.0,297,0.7068899591818096,1,1.0,0.9749058175439097,0.0
2025-10-22,-4.360470428506662,5.649787565827149,18.181769682966117,23.831557248793267,15.045391969809796,1.0,101.50812469303598,1.0,1.0,291,0.5755071463204593,1,1.0,0.9197372600882872,0.0
2025-10-23,-2.8757849555580517,8.663153493204366,15.313859715584487,23.977013208788854,17.026900023833925,1.0,101.67138776290007,1.0,1.0,300,0.5843682521165368,1,1.0,0.9667293494219088,0.0
2025-10-24,-5.090448410608252,10.899523358021009,15.137070069852555,26.036593427873562,15.16454824353358,1.0,101.87937823006048,1.0,1.0,298,0.5999069095414679,1,1.0,0.780229583034727,0.0
2025-10-25,-5.122195082676526,10.500361211379143,14.558507291270203,25.058868502649347,11.702053937166585,1.0,102.07938545428806,1.0,1.0,284,0.615233364220178,1,1.0,0.7289172539247005,0.0
2025-10-26,-4.357820042991785,6.710227016636136,12.988955892137632,19.699182908773768,16.13822537591248,1.0,102.20358999462078,1.0,1.0,307,0.6258305844085099,1,1.0,0.9168748804495627,0.0
2025-10-27,-3.62170296833986,8.825335969360395,12.477454202978286,21.302790172338682,13.289765369987531,1.0,102.370096714008,1.0,1.0,313,0.6315465891731029,1,1.0,0.8639042216955913,0.0
2025-10-28,-3.716074656877409,16.516658250490572,13.193860200624112,29.710518451114684,10.958304190938168,1.0,102.69042987901781,1.0,1.0,312,0.6501060429238879,1,1.0,0.666501505328621,0.0
2025-10-29,-3.9099828468196947,8.637435564777116,12.670707829055718,21.308143393832836,13.76000738997474,1.0,102.85317859031336,1.0,1.0,283,0.6509138651173589,1,1.0,0.8610856028630519,0.0
2025-10-30,-4.06756698349407,10.735018834885047,14.702611154543199,25.437629989428245,17.101498335129044,1.0,103.05787896701106,1.0,1.0,308,0.6745843320599325,1,1.0,0.8669462463797463,0.0
2025-10-31,-1.206204694399788,13.419873377483075,10.388476668608284,23.80835004609136,18.90921444489458,1.0,103.31627643456072,1.0,1.0,301,0.5798770442219381,1,1.0,0.9864458718119256,0.0
2025-11-01,-3.153232107812996,10.941046591032391,15.990253099932387,26.931299690964778,11.058627220952435,1.0,103.52509736638137,1.0,1.0,281,0.5619123986607986,1,1.0,0.807827916471243,0.0
2025-11-02,-2.278116918872092,11.722529840536433,13.564138005207598,25.28666784574403,14.347049105726578,1.0,103.7495479631921,1.0,1.0,294,0.6305188312106803,1,1.0,0.8907610423411096,0.0
2025-11-03,-3.8925523485636453,9.993049128028721,18.133281593565844,28.126330721594563,14.708473520857966,1.0,103.93940894575267,1.0,1.0,308,0.6096618508811487,1,1.0,0.8506526253588761,0.0
2025-11-04,-2.870748234043555,13.981117969054178,14.35435390090293,28.33547186995711,12.8181641035006,1.0,104.20903130513376,1.0,1.0,318,0.7464670255168282,1,1.0,0.7904762973084153,0.0
2025-11-05,-1.9367604117540944,7.966119101522864,14.320370789027741,22.286489890550605,14.710101007962848,1.0,104.35835368716423,1.0,1.0,287,0.5180187147645834,1,1.0,0.9890079475145521,0.0
2025-11-06,-4.348140145702874,11.75438980906081,8.07027425885238,19.82466406791319,14.205948795527531,1.0,104.58344148334544,1.0,1.0,315,0.6487411311255655,1,1.0,0.7842710097924322,0.0
2025-11-07,-2.377209092443769,7.799035524722619,14.47626759881736,22.275303123539977,15.476729725282249,1.0,104.7294221938399,1.0,1.0,317,0.5322137783616254,1,1.0,0.98310433030473,0.0
2025-11-08,-4.026454046422224,12.663089409384307,13.869623533372598,26.532712942756906,12.881864603925143,1.0,104.97268398202758,1.0,1.0,303,0.5652253256569184,1,1.0,0.760113252889955,0.0
2025-11-09,-2.7193610836022124,11.634203855776612,12.945773044882428,24.57997690065904,12.305962517104955,1.0,105.1953680591431,1.0,1.0,312,0.5208134421951275,1,1.0,0.8364472439894397,0.0
2025-11-10,-3.4960084051552056,12.706146688908305,12.19588686867439,24.902033557582698,13.960159594106326,1.0,105.43949099292128,1.0,1.0,296,0.5485484740454782,1,1.0,0.8037459725325125,0.0
2025-11-11,-2.5128223794721016,15.757884480305426,11.676533721932056,27.43441820223748,16.702365440562048,1.0,105.74464868252738,1.0,1.0,290,0.6469540618951853,1,1.0,0.8375739487629872,0.0
2025-11-12,-2.6740794031235238,8.986232331462084,9.051370471911914,18.037602803374,18.039953291110272,1.0,105.91437332915663,1.0,1.0,295,0.5488385273066392,1,1.0,0.9872372713997533,0.0
2025-11-13,-3.7900881556169566,6.796649284686846,13.998751643213089,20.795400927899934,12.721807281177302,1.0,106.04030631485037,1.0,1.0,308,0.6017567917881478,1,1.0,0.8865927278783703,0.0
2025-11-14,-2.724050489706897,13.521313229397345,10.294454470597671,23.815767699995014,11.68531126228189,1.0,106.30073257943832,1.0,1.0,315,0.518792042326983,1,1.0,0.7881263986314064,0.0
2025-11-15,-1.5488875828386162,7.816157488808288,15.71570034448403,23.531857833292317,16.138202239211232,1.0,106.44705572921448,1.0,1.0,280,0.5396768359944326,1,1.0,1.0,0.0
2025-11-16,-2.1948726677895327,15.49719550151614,10.077642120337511,25.574837621853654,14.195359124187592,1.0,106.7469996392448,1.0,1.0,315,0.6278838610656297,1,1.0,0.8169017753166605,0.0
2025-11-17,-1.5342407878905262,13.714903960693452,12.48432586121608,26.199229821909533,11.154764660800568,1.0,107.01129771845868,1.0,1.0,301,0.5959830691725492,1,1.0,0.8349026257382809,0.0
2025-11-18,-2.5182106486482705,17.461881956973542,13.056754290716285,30.518636247689827,13.917594548181409,1.0,107.35053535759815,1.0,1.0,297,0.5455460373548349,1,1.0,0.7568117375644724,0.0
2025-11-19,-2.286510388460411,13.56072000831461,11.867185176019042,25.427905184333653,9.104666300468043,1.0,107.61174975776444,1.0,1.0,300,0.6115747775886315,1,1.0,0.7662045187518213,0.0
2025-11-20,-0.9652275313438945,10.500109497838793,11.930519357444561,22.430628855283352,19.86283603730933,1.0,107.81175194772122,1.0,1.0,296,0.5736026002513649,1,1.0,1.0,0.0
2025-11-21,-1.3020542776303552,14.432544877599426,11.169039915439491,25.601584793038917,14.321938815867679,1.0,108.0904028452732,1.0,1.0,284,0.5271274645183809,1,1.0,0.884945368830955,0.0
2025-11-22,-2.177655978241193,11.29887586230176,11.38539103958027,22.68426690188203,9.819450131643839,1.0,108.30638036251923,1.0,1.0,291,0.5471159869637731,1,1.0,0.8287971860359691,0.0
2025-11-23,-1.717867714028332,17.64139152219643,9.231753091050548,26.87314461324698,11.114990111415597,1.0,108.64920819296316,1.0,1.0,310,0.6145675900028982,1,1.0,0.7465286190449149,0.0
2025-11-24,0.43962889401596117,14.78669003959767,11.941746309919006,26.728436349516677,18.898851009956598,1.0,108.94373457163543,1.0,1.0,282,0.6077152507930142,1,1.0,1.0,0.02930859293439741
2025-11-25,-0.796596954473206,13.503240171180716,13.77491059387485,27.278150765055564,9.384196832143978,1.0,109.20379937505905,1.0,1.0,302,0.6436168321359365,1,1.0,0.8465086293884583,0.0
2025-11-26,-1.9486013018477695,15.725706152342104,12.56252012497087,28.288226277312972,17.577079961325307,1.0,109.50831349810589,1.0,1.0,303,0.5831899076816768,1,1.0,0.8810071445495247,0.0
2025-11-27,0.7400090781835782,13.066882730260307,11.67338236978413,24.74026510004444,16.34672352721653,1.0,109.77445133427477,1.0,1.0,294,0.5485830579314876,1,1.0,1.0,0.04933393854557188
2025-11-28,-0.9864679897000461,12.42134475174156,6.956209866781732,19.37755461852329,17.57143109650446,1.0,110.0128782293096,1.0,1.0,285,0.5974155038144606,1,1.0,0.9951068904219075,0.0
2025-11-29,-0.864657932248555,16.12277280807243,13.09586863728713,29.21864144535956,20.987838656399205,1.0,110.32533368547105,1.0,1.0,302,0.5495879865118817,1,1.0,0.9841089581661104,0.0
2025-11-30,-0.45589785045106757,16.298183052244347,12.400529063312462,28.69871211555681,19.25871588369128,1.0,110.64129734651594,1.0,1.0,282,0.5474876189162066,1,1.0,0.972220044494081,0.0
2025-12-01,0.0803883319411341,14.756502326707748,8.421838231599764,23.17834055830751,12.384584250741351,1.0,110.92803515968892,1.0,1.0,283,0.5787936157631731,1,1.0,0.9152991075752576,0.00535922212940894
2025-12-02,-0.8084986641130016,20.604157368444255,11.173145100343813,31.77730246878807,19.79020493296092,1.0,111.3301183070578,1.0,1.0,291,0.6105972854437312,1,1.0,0.8773286683081468,0.0
2025-12-03,0.45691197806619266,12.53545047348668,9.53659201017189,22.07204248365857,20.201928151119407,1.0,111.57996555608887,1.0,1.0,298,0.6058149240413438,1,1.0,1.0,0.030460798537746178
2025-12-04,3.871649164197664,13.689672846916569,11.1558303244418,24.845503171358367,13.562907963501102,1.0,111.92119199631115,1.0,1.0,318,0.5784386626483071,1,1.0,1.0,0.2581099442798443
2025-12-05,-0.6958511062295727,16.477993526061674,10.437595829138811,26.915589355200485,18.048204608130504,1.0,112.24075186683238,1.0,1.0,286,0.5881702094321352,1,1.0,0.9364509843027964,0.0
2025-12-06,2.1901810234667285,13.40532848146333,8.907769402327446,22.313097883790775,17.84477268398545,1.0,112.54266205693098,1.0,1.0,300,0.651817681417959,1,1.0,1.0,0.14601206823111523
2025-12-07,1.470224725247292,22.899001307159942,9.709368396079137,32.60836970323908,19.213538254415063,1.0,113.02004657757912,1.0,1.0,308,0.6469847032983338,1,1.0,0.9357568476927502,0.0980149816831528
2025-12-08,-0.17219496936922551,14.763069278196085,10.243614449923262,25.00668372811935,13.677627956441574,1.0,113.30530796314305,1.0,1.0,300,0.5635262387337581,1,1.0,0.92408933190831,0.0
2025-12-09,1.2878623058424572,19.04597771289169,10.71635279843701,29.7623305113287,12.03979909117714,1.0,113.70198476351773,1.0,1.0,296,0.7095396296857195,1,1.0,0.8841368792205747,0.08585748705616382
2025-12-10,2.8324635393451403,23.96684262424504,5.825506484778133,29.79234910902317,17.784466785531812,1.0,114.22797088678954,1.0,1.0,310,0.6377549630206993,1,1.0,0.9586941042412198,0.18883090262300936
2025-12-11,2.563417689439659,21.122557456386215,7.149026445546822,28.271583901933035,17.62574571708835,1.0,114.69169038970605,1.0,1.0,310,0.6483044780190688,1,1.0,0.9994821639623979,0.1708945126293106
2025-12-12,0.17903733784226827,20.172783525469743,10.555237467515468,30.72802099298521,17.409218652765468,1.0,115.08872680697229,1.0,1.0,292,0.621236768080482,1,1.0,0.8956498405954765,0.011935822522817885
2025-12-13,2.7409325926494432,20.277784357208937,8.149675509950619,28.427459867159556,13.353313728880309,1.0,115.53910114596945,1.0,1.0,314,0.6713287511356031,1,1.0,0.9540461713029652,0.18272883950996288
2025-12-14,2.045199812037175,19.719482367303154,7.071782558564827,26.79126492586798,17.688353175630255,1.0,115.96439478955627,1.0,1.0,286,0.6697450854959315,1,1.0,1.0,0.13634665413581168
2025-12-15,2.0474605634272063,22.7213429936071,10.700554688255412,33.42189768186251,17.157833918934355,1.0,116.44977086069696,1.0,1.0,308,0.5720352479829299,1,1.0,0.9339100669481243,0.13649737089514707
2025-12-16,1.9438615371290018,20.0171989387442,7.190381851530125,27.207580790274328,12.368662031205949,1.0,116.87899207021442,1.0,1.0,309,0.6252544108737531,1,1.0,0.9029934652683319,0.12959076914193346
2025-12-17,3.307051496181512,21.057964229230322,5.845627335161739,26.90359156439206,21.651708913752074,1.0,117.35629238472266,1.0,1.0,290,0.6257966099245329,1,1.0,1.0,0.22047009974543413
2025-12-18,2.2104111800718838,23.804998647992605,7.82826237609215,31.633261024084753,11.953301106933086,1.0,117.86660058128395,1.0,1.0,319,0.5707787208372055,1,1.0,0.8336422711592936,0.14736074533812557
2025-12-19,3.5261981970276497,21.67942807464263,3.703138325867905,25.382566400510534,16.890498906973864,1.0,118.36071310671736,1.0,1.0,294,0.6378401062113179,1,1.0,1.0,0.2350798798018433
2025-12-20,4.943025665108427,22.00529141308661,2.0266718669827855,24.031963280069395,13.797922271686632,1.0,118.88967944828126,0.9955515903442858,1.0,287,0.6531352549038424,1,1.0,1.0,0.333983453996276
2025-12-21,2.57720844902956,27.8505004410995,8.019545496051999,35.870045937151495,15.602313506708777,1.0,119.48823362608384,1.0,1.0,306,0.6327777528563472,1,1.0,0.8318889720746343,0.17181389660197066
2025-12-22,2.989543943918088,18.469960725343842,6.363470273881131,24.833430999224973,13.549105376081647,1.0,119.90742371946908,1.0,1.0,310,0.5635997621942725,1,1.0,1.0,0.19930292959453919
2025-12-23,2.4958857021865137,18.01560073433972,7.316335137264827,25.331935871604546,18.510709476899695,1.0,120.3076534481996,1.0,1.0,288,0.608510406656923,1,1.0,1.0,0.16639238014576757
2025-12-24,4.5444686976746,21.385589542083864,6.277233539202008,27.66282308128587,13.93632264202882,1.0,120.81625461299477,1.0,1.0,319,0.6084570486547042,1,1.0,1.0,0.3029645798449733
2025-12-25,3.6474053400252946,21.163310801661684,6.435357633435592,27.598668435097274,10.658456253648982,1.0,121.30246893582851,1.0,1.0,289,0.5153695826916134,1,1.0,0.9367449885288475,0.2431603560016863
2025-12-26,5.119534430528034,20.84395565062451,4.071545367195294,24.915501017819803,13.926421904760549,1.0,121.81173873745156,1.0,1.0,307,0.668755551761384,1,1.0,1.0,0.3413022953685356
2025-12-27,3.374150963540579,25.296847154709027,6.177810710124349,31.474657864833375,15.849048622721895,1.0,122.37515869981655,1.0,1.0,294,0.6527236999732607,1,1.0,0.9269214154615466,0.22494339756937193
2025-12-28,5.042316004401654,17.946444826665747,0.0,17.946444826665747,15.010905770754462,1.0,122.8249339164379,0.9747884199779917,0.9989915367991197,288,0.6283089905468962,1,1.0,1.0,0.36136598031545186
2025-12-29,5.350049959798823,25.64832918720648,7.19641772400456,32.84474691121104,13.729685387505409,1.0,123.434901499378,1.0,1.0,295,0.588804090333549,1,1.0,0.9833640040375684,0.35666999731992155
2025-12-30,3.905835395032515,21.548553369416357,6.761456002199109,28.310009371615465,12.979034236433677,1.0,123.93398927466698,1.0,1.0,297,0.5038830992067571,1,1.0,0.9806379396371931,0.260389026335501
2025-12-31,3.483173240658674,23.23839211862455,6.575083842159686,29.813475960784235,14.292885627857533,1.0,124.45842058185265,1.0,1.0,282,0.521498796603205,1,1.0,0.947605580124735,0.23221154937724495
